-- CreateTable
CREATE TABLE "User" (
    "id" SERIAL PRIMARY KEY,
    "username" TEXT NOT NULL,
    "password" TEXT NOT NULL,
    "name" TEXT NOT NULL,
    "email" TEXT,
    "status" TEXT NOT NULL DEFAULT 'ACTIVE',
    "createdAt" TIMESTAMP NOT NULL DEFAULT NOW(),
    "updatedAt" TIMESTAMP NOT NULL
);

-- CreateTable
CREATE TABLE "Role" (
    "id" SERIAL PRIMARY KEY,
    "code" TEXT NOT NULL,
    "name" TEXT NOT NULL,
    "description" TEXT,
    "functionalPermissions" TEXT NOT NULL DEFAULT '[]',
    "dataScopeType" TEXT NOT NULL DEFAULT 'ALL',
    "isDefault" BOOLEAN NOT NULL DEFAULT false,
    "status" TEXT NOT NULL DEFAULT 'ACTIVE',
    "createdAt" TIMESTAMP NOT NULL DEFAULT NOW(),
    "updatedAt" TIMESTAMP NOT NULL,
    "dataScopeRuleGroups" TEXT,
    "managedOrgDataScope" TEXT,
    "orgDataScope" TEXT
);

-- CreateTable
CREATE TABLE "DataScopeRule" (
    "id" SERIAL PRIMARY KEY,
    "roleId" INTEGER NOT NULL,
    "ruleType" TEXT NOT NULL,
    "operator" TEXT NOT NULL,
    "orgId" INTEGER,
    "includeChild" BOOLEAN NOT NULL DEFAULT false,
    "condition" TEXT,
    "sort" INTEGER NOT NULL DEFAULT 0,
    "createdAt" TIMESTAMP NOT NULL DEFAULT NOW(),
    "updatedAt" TIMESTAMP NOT NULL,
    CONSTRAINT "DataScopeRule_roleId_fkey" FOREIGN KEY ("roleId") REFERENCES "Role" ("id") ON DELETE CASCADE ON UPDATE CASCADE
);

-- CreateTable
CREATE TABLE "UserRole" (
    "id" SERIAL PRIMARY KEY,
    "userId" INTEGER NOT NULL,
    "roleId" INTEGER NOT NULL,
    "createdAt" TIMESTAMP NOT NULL DEFAULT NOW(),
    CONSTRAINT "UserRole_roleId_fkey" FOREIGN KEY ("roleId") REFERENCES "Role" ("id") ON DELETE CASCADE ON UPDATE CASCADE,
    CONSTRAINT "UserRole_userId_fkey" FOREIGN KEY ("userId") REFERENCES "User" ("id") ON DELETE CASCADE ON UPDATE CASCADE
);

-- CreateTable
CREATE TABLE "Organization" (
    "id" SERIAL PRIMARY KEY,
    "code" TEXT NOT NULL,
    "name" TEXT NOT NULL,
    "parentId" INTEGER,
    "type" TEXT NOT NULL,
    "leaderId" INTEGER,
    "leaderName" TEXT,
    "level" INTEGER NOT NULL,
    "effectiveDate" TIMESTAMP NOT NULL,
    "expiryDate" TIMESTAMP,
    "status" TEXT NOT NULL DEFAULT 'ACTIVE',
    "createdAt" TIMESTAMP NOT NULL DEFAULT NOW(),
    "updatedAt" TIMESTAMP NOT NULL,
    CONSTRAINT "Organization_parentId_fkey" FOREIGN KEY ("parentId") REFERENCES "Organization" ("id") ON DELETE RESTRICT ON UPDATE CASCADE
);

-- CreateTable
CREATE TABLE "Employee" (
    "id" SERIAL PRIMARY KEY,
    "employeeNo" TEXT NOT NULL,
    "name" TEXT NOT NULL,
    "gender" TEXT NOT NULL,
    "idCard" TEXT,
    "phone" TEXT,
    "email" TEXT,
    "orgId" INTEGER NOT NULL,
    "entryDate" TIMESTAMP NOT NULL,
    "status" TEXT NOT NULL DEFAULT 'ACTIVE',
    "customFields" TEXT NOT NULL DEFAULT '{}',
    "createdAt" TIMESTAMP NOT NULL DEFAULT NOW(),
    "updatedAt" TIMESTAMP NOT NULL,
    "age" INTEGER,
    "birthDate" TIMESTAMP,
    "currentAddress" TEXT,
    "emergencyContact" TEXT,
    "emergencyPhone" TEXT,
    "emergencyRelation" TEXT,
    "homeAddress" TEXT,
    "homePhone" TEXT,
    "householdRegister" TEXT,
    "maritalStatus" TEXT,
    "nativePlace" TEXT,
    "photo" TEXT,
    "politicalStatus" TEXT,
    CONSTRAINT "Employee_orgId_fkey" FOREIGN KEY ("orgId") REFERENCES "Organization" ("id") ON DELETE RESTRICT ON UPDATE CASCADE
);

-- CreateTable
CREATE TABLE "EmployeeChangeLog" (
    "id" SERIAL PRIMARY KEY,
    "employeeId" INTEGER NOT NULL,
    "fieldName" TEXT NOT NULL,
    "oldValue" TEXT,
    "newValue" TEXT,
    "operatorId" INTEGER NOT NULL,
    "operatorName" TEXT NOT NULL,
    "createdAt" TIMESTAMP NOT NULL DEFAULT NOW(),
    CONSTRAINT "EmployeeChangeLog_employeeId_fkey" FOREIGN KEY ("employeeId") REFERENCES "Employee" ("id") ON DELETE CASCADE ON UPDATE CASCADE
);

-- CreateTable
CREATE TABLE "DataSource" (
    "id" SERIAL PRIMARY KEY,
    "code" TEXT NOT NULL,
    "name" TEXT NOT NULL,
    "type" TEXT NOT NULL DEFAULT 'CUSTOM',
    "description" TEXT,
    "isSystem" BOOLEAN NOT NULL DEFAULT false,
    "status" TEXT NOT NULL DEFAULT 'ACTIVE',
    "sort" INTEGER NOT NULL DEFAULT 0,
    "createdAt" TIMESTAMP NOT NULL DEFAULT NOW(),
    "updatedAt" TIMESTAMP NOT NULL
);

-- CreateTable
CREATE TABLE "DataSourceOption" (
    "id" SERIAL PRIMARY KEY,
    "dataSourceId" INTEGER NOT NULL,
    "label" TEXT NOT NULL,
    "value" TEXT NOT NULL,
    "sort" INTEGER NOT NULL DEFAULT 0,
    "isActive" BOOLEAN NOT NULL DEFAULT true,
    "createdAt" TIMESTAMP NOT NULL DEFAULT NOW(),
    "updatedAt" TIMESTAMP NOT NULL,
    CONSTRAINT "DataSourceOption_dataSourceId_fkey" FOREIGN KEY ("dataSourceId") REFERENCES "DataSource" ("id") ON DELETE CASCADE ON UPDATE CASCADE
);

-- CreateTable
CREATE TABLE "CustomField" (
    "id" SERIAL PRIMARY KEY,
    "code" TEXT NOT NULL,
    "name" TEXT NOT NULL,
    "type" TEXT NOT NULL,
    "dataSourceId" INTEGER,
    "options" TEXT,
    "isRequired" BOOLEAN NOT NULL DEFAULT false,
    "defaultValue" TEXT,
    "group" TEXT NOT NULL DEFAULT '默认分组',
    "sort" INTEGER NOT NULL DEFAULT 0,
    "status" TEXT NOT NULL DEFAULT 'ACTIVE',
    "createdAt" TIMESTAMP NOT NULL DEFAULT NOW(),
    "updatedAt" TIMESTAMP NOT NULL,
    "isSystem" BOOLEAN NOT NULL DEFAULT false,
    CONSTRAINT "CustomField_dataSourceId_fkey" FOREIGN KEY ("dataSourceId") REFERENCES "DataSource" ("id") ON DELETE SET NULL ON UPDATE CASCADE
);

-- CreateTable
CREATE TABLE "EmployeeInfoTab" (
    "id" SERIAL PRIMARY KEY,
    "code" TEXT NOT NULL,
    "name" TEXT NOT NULL,
    "description" TEXT,
    "isSystem" BOOLEAN NOT NULL DEFAULT false,
    "sort" INTEGER NOT NULL DEFAULT 0,
    "status" TEXT NOT NULL DEFAULT 'ACTIVE',
    "createdAt" TIMESTAMP NOT NULL DEFAULT NOW(),
    "updatedAt" TIMESTAMP NOT NULL
);

-- CreateTable
CREATE TABLE "EmployeeInfoTabGroup" (
    "id" SERIAL PRIMARY KEY,
    "tabId" INTEGER NOT NULL,
    "code" TEXT NOT NULL,
    "name" TEXT NOT NULL,
    "description" TEXT,
    "sort" INTEGER NOT NULL DEFAULT 0,
    "status" TEXT NOT NULL DEFAULT 'ACTIVE',
    "collapsed" BOOLEAN NOT NULL DEFAULT false,
    "isSystem" BOOLEAN NOT NULL DEFAULT false,
    "createdAt" TIMESTAMP NOT NULL DEFAULT NOW(),
    "updatedAt" TIMESTAMP NOT NULL,
    CONSTRAINT "EmployeeInfoTabGroup_tabId_fkey" FOREIGN KEY ("tabId") REFERENCES "EmployeeInfoTab" ("id") ON DELETE CASCADE ON UPDATE CASCADE
);

-- CreateTable
CREATE TABLE "EmployeeInfoTabField" (
    "id" SERIAL PRIMARY KEY,
    "tabId" INTEGER NOT NULL,
    "groupId" INTEGER,
    "fieldCode" TEXT NOT NULL,
    "fieldName" TEXT NOT NULL,
    "fieldType" TEXT NOT NULL,
    "isRequired" BOOLEAN NOT NULL DEFAULT false,
    "isHidden" BOOLEAN NOT NULL DEFAULT false,
    "sort" INTEGER NOT NULL DEFAULT 0,
    "createdAt" TIMESTAMP NOT NULL DEFAULT NOW(),
    "updatedAt" TIMESTAMP NOT NULL,
    CONSTRAINT "EmployeeInfoTabField_groupId_fkey" FOREIGN KEY ("groupId") REFERENCES "EmployeeInfoTabGroup" ("id") ON DELETE SET NULL ON UPDATE CASCADE,
    CONSTRAINT "EmployeeInfoTabField_tabId_fkey" FOREIGN KEY ("tabId") REFERENCES "EmployeeInfoTab" ("id") ON DELETE CASCADE ON UPDATE CASCADE
);

-- CreateTable
CREATE TABLE "LaborAccount" (
    "id" SERIAL PRIMARY KEY,
    "code" TEXT NOT NULL,
    "name" TEXT NOT NULL,
    "type" TEXT NOT NULL,
    "level" INTEGER NOT NULL,
    "path" TEXT NOT NULL,
    "namePath" TEXT NOT NULL DEFAULT '',
    "parentId" INTEGER,
    "employeeId" INTEGER,
    "effectiveDate" TIMESTAMP NOT NULL,
    "expiryDate" TIMESTAMP,
    "status" TEXT NOT NULL DEFAULT 'ACTIVE',
    "createdAt" TIMESTAMP NOT NULL DEFAULT NOW(),
    "updatedAt" TIMESTAMP NOT NULL,
    "hierarchyValues" TEXT DEFAULT '',
    "usageType" TEXT DEFAULT 'SHIFT',
    CONSTRAINT "LaborAccount_parentId_fkey" FOREIGN KEY ("parentId") REFERENCES "LaborAccount" ("id") ON DELETE RESTRICT ON UPDATE CASCADE,
    CONSTRAINT "LaborAccount_employeeId_fkey" FOREIGN KEY ("employeeId") REFERENCES "Employee" ("id") ON DELETE CASCADE ON UPDATE CASCADE
);

-- CreateTable
CREATE TABLE "AccountTransfer" (
    "id" SERIAL PRIMARY KEY,
    "scheduleId" INTEGER NOT NULL,
    "accountId" INTEGER NOT NULL,
    "startTime" TIMESTAMP NOT NULL,
    "endTime" TIMESTAMP NOT NULL,
    "hours" REAL NOT NULL,
    "reason" TEXT NOT NULL,
    "createdAt" TIMESTAMP NOT NULL DEFAULT NOW(),
    CONSTRAINT "AccountTransfer_accountId_fkey" FOREIGN KEY ("accountId") REFERENCES "LaborAccount" ("id") ON DELETE RESTRICT ON UPDATE CASCADE,
    CONSTRAINT "AccountTransfer_scheduleId_fkey" FOREIGN KEY ("scheduleId") REFERENCES "Schedule" ("id") ON DELETE CASCADE ON UPDATE CASCADE
);

-- CreateTable
CREATE TABLE "AccountHierarchyConfig" (
    "id" SERIAL PRIMARY KEY,
    "level" INTEGER NOT NULL,
    "name" TEXT NOT NULL,
    "mappingType" TEXT NOT NULL,
    "mappingValue" TEXT,
    "dataSourceId" INTEGER,
    "sort" INTEGER NOT NULL DEFAULT 0,
    "status" TEXT NOT NULL DEFAULT 'ACTIVE',
    "createdAt" TIMESTAMP NOT NULL DEFAULT NOW(),
    "updatedAt" TIMESTAMP NOT NULL
);

-- CreateTable
CREATE TABLE "Shift" (
    "id" SERIAL PRIMARY KEY,
    "code" TEXT NOT NULL,
    "name" TEXT NOT NULL,
    "type" TEXT NOT NULL,
    "standardHours" REAL NOT NULL,
    "breakHours" REAL NOT NULL DEFAULT 0,
    "color" TEXT,
    "status" TEXT NOT NULL DEFAULT 'ACTIVE',
    "createdAt" TIMESTAMP NOT NULL DEFAULT NOW(),
    "updatedAt" TIMESTAMP NOT NULL
);

-- CreateTable
CREATE TABLE "ShiftPropertyDefinition" (
    "id" SERIAL PRIMARY KEY,
    "propertyKey" TEXT NOT NULL,
    "name" TEXT NOT NULL,
    "description" TEXT,
    "valueType" TEXT NOT NULL DEFAULT 'TEXT',
    "options" TEXT,
    "status" TEXT NOT NULL DEFAULT 'ACTIVE',
    "sortOrder" INTEGER NOT NULL DEFAULT 0,
    "createdAt" TIMESTAMP NOT NULL DEFAULT NOW(),
    "updatedAt" TIMESTAMP NOT NULL
);

-- CreateTable
CREATE TABLE "ShiftProperty" (
    "id" SERIAL PRIMARY KEY,
    "shiftId" INTEGER NOT NULL,
    "propertyKey" TEXT NOT NULL,
    "propertyValue" TEXT NOT NULL,
    "description" TEXT,
    "sortOrder" INTEGER NOT NULL DEFAULT 0,
    "createdAt" TIMESTAMP NOT NULL DEFAULT NOW(),
    "updatedAt" TIMESTAMP NOT NULL,
    CONSTRAINT "ShiftProperty_shiftId_fkey" FOREIGN KEY ("shiftId") REFERENCES "Shift" ("id") ON DELETE CASCADE ON UPDATE CASCADE
);

-- CreateTable
CREATE TABLE "ShiftSegment" (
    "id" SERIAL PRIMARY KEY,
    "shiftId" INTEGER NOT NULL,
    "type" TEXT NOT NULL,
    "startDate" TEXT NOT NULL,
    "startTime" TEXT NOT NULL,
    "endDate" TEXT NOT NULL,
    "endTime" TEXT NOT NULL,
    "duration" REAL NOT NULL,
    "accountId" INTEGER,
    "createdAt" TIMESTAMP NOT NULL DEFAULT NOW(),
    "updatedAt" TIMESTAMP NOT NULL,
    CONSTRAINT "ShiftSegment_accountId_fkey" FOREIGN KEY ("accountId") REFERENCES "LaborAccount" ("id") ON DELETE SET NULL ON UPDATE CASCADE,
    CONSTRAINT "ShiftSegment_shiftId_fkey" FOREIGN KEY ("shiftId") REFERENCES "Shift" ("id") ON DELETE CASCADE ON UPDATE CASCADE
);

-- CreateTable
CREATE TABLE "Schedule" (
    "id" SERIAL PRIMARY KEY,
    "employeeId" INTEGER NOT NULL,
    "shiftId" INTEGER NOT NULL,
    "scheduleDate" TIMESTAMP NOT NULL,
    "adjustedStart" TIMESTAMP,
    "adjustedEnd" TIMESTAMP,
    "status" TEXT NOT NULL DEFAULT 'ACTIVE',
    "cancelReason" TEXT,
    "pushStatus" TEXT NOT NULL DEFAULT 'PENDING',
    "createdAt" TIMESTAMP NOT NULL DEFAULT NOW(),
    "updatedAt" TIMESTAMP NOT NULL,
    "adjustedSegments" TEXT,
    CONSTRAINT "Schedule_shiftId_fkey" FOREIGN KEY ("shiftId") REFERENCES "Shift" ("id") ON DELETE RESTRICT ON UPDATE CASCADE,
    CONSTRAINT "Schedule_employeeId_fkey" FOREIGN KEY ("employeeId") REFERENCES "Employee" ("id") ON DELETE CASCADE ON UPDATE CASCADE
);

-- CreateTable
CREATE TABLE "PunchDevice" (
    "id" SERIAL PRIMARY KEY,
    "code" TEXT NOT NULL,
    "name" TEXT NOT NULL,
    "type" TEXT NOT NULL,
    "ipAddress" TEXT,
    "groupId" INTEGER,
    "status" TEXT NOT NULL DEFAULT 'NORMAL',
    "createdAt" TIMESTAMP NOT NULL DEFAULT NOW(),
    "updatedAt" TIMESTAMP NOT NULL,
    CONSTRAINT "PunchDevice_groupId_fkey" FOREIGN KEY ("groupId") REFERENCES "DeviceGroup" ("id") ON DELETE SET NULL ON UPDATE CASCADE
);

-- CreateTable
CREATE TABLE "PunchRecord" (
    "id" SERIAL PRIMARY KEY,
    "employeeNo" TEXT NOT NULL,
    "punchTime" TIMESTAMP NOT NULL,
    "deviceId" INTEGER NOT NULL,
    "punchType" TEXT NOT NULL,
    "location" TEXT,
    "accountId" INTEGER,
    "source" TEXT NOT NULL DEFAULT 'AUTO',
    "createdAt" TIMESTAMP NOT NULL DEFAULT NOW(),
    CONSTRAINT "PunchRecord_accountId_fkey" FOREIGN KEY ("accountId") REFERENCES "LaborAccount" ("id") ON DELETE SET NULL ON UPDATE CASCADE,
    CONSTRAINT "PunchRecord_employeeNo_fkey" FOREIGN KEY ("employeeNo") REFERENCES "Employee" ("employeeNo") ON DELETE CASCADE ON UPDATE CASCADE,
    CONSTRAINT "PunchRecord_deviceId_fkey" FOREIGN KEY ("deviceId") REFERENCES "PunchDevice" ("id") ON DELETE RESTRICT ON UPDATE CASCADE
);

-- CreateTable
CREATE TABLE "DeviceAccount" (
    "id" SERIAL PRIMARY KEY,
    "deviceId" INTEGER NOT NULL,
    "accountId" INTEGER NOT NULL,
    "effectiveDate" TIMESTAMP NOT NULL DEFAULT NOW(),
    "expiryDate" TIMESTAMP,
    "createdAt" TIMESTAMP NOT NULL DEFAULT NOW(),
    CONSTRAINT "DeviceAccount_accountId_fkey" FOREIGN KEY ("accountId") REFERENCES "LaborAccount" ("id") ON DELETE CASCADE ON UPDATE CASCADE,
    CONSTRAINT "DeviceAccount_deviceId_fkey" FOREIGN KEY ("deviceId") REFERENCES "PunchDevice" ("id") ON DELETE CASCADE ON UPDATE CASCADE
);

-- CreateTable
CREATE TABLE "PunchRule" (
    "id" SERIAL PRIMARY KEY,
    "code" TEXT NOT NULL,
    "name" TEXT NOT NULL,
    "priority" INTEGER NOT NULL,
    "conditions" TEXT NOT NULL,
    "beforeShiftMins" INTEGER NOT NULL DEFAULT 0,
    "afterShiftMins" INTEGER NOT NULL DEFAULT 0,
    "configs" TEXT NOT NULL DEFAULT '[]',
    "status" TEXT NOT NULL DEFAULT 'ACTIVE',
    "createdAt" TIMESTAMP NOT NULL DEFAULT NOW(),
    "updatedAt" TIMESTAMP NOT NULL
);

-- CreateTable
CREATE TABLE "CalcRule" (
    "id" SERIAL PRIMARY KEY,
    "code" TEXT NOT NULL,
    "name" TEXT NOT NULL,
    "priority" INTEGER NOT NULL,
    "conditions" TEXT NOT NULL,
    "calcLogic" TEXT NOT NULL,
    "overtimeRules" TEXT NOT NULL,
    "status" TEXT NOT NULL DEFAULT 'ACTIVE',
    "createdAt" TIMESTAMP NOT NULL DEFAULT NOW(),
    "updatedAt" TIMESTAMP NOT NULL
);

-- CreateTable
CREATE TABLE "AttendanceCode" (
    "id" SERIAL PRIMARY KEY,
    "code" TEXT NOT NULL,
    "name" TEXT NOT NULL,
    "type" TEXT NOT NULL DEFAULT 'LEAN_HOURS',
    "accountLevels" TEXT NOT NULL DEFAULT '[]',
    "unit" TEXT NOT NULL DEFAULT 'HOURS',
    "deductMeal" BOOLEAN NOT NULL DEFAULT false,
    "includeOutside" BOOLEAN NOT NULL DEFAULT false,
    "onlyOutside" BOOLEAN NOT NULL DEFAULT false,
    "showInDetailPage" BOOLEAN NOT NULL DEFAULT false,
    "calculateHours" BOOLEAN NOT NULL DEFAULT true,
    "priority" INTEGER NOT NULL DEFAULT 0,
    "status" TEXT NOT NULL DEFAULT 'ACTIVE',
    "createdAt" TIMESTAMP NOT NULL DEFAULT NOW(),
    "updatedAt" TIMESTAMP NOT NULL
);

-- CreateTable
CREATE TABLE "CalcResult" (
    "id" SERIAL PRIMARY KEY,
    "employeeNo" TEXT NOT NULL,
    "calcDate" TIMESTAMP NOT NULL,
    "shiftId" INTEGER NOT NULL,
    "shiftName" TEXT,
    "attendanceCodeId" INTEGER,
    "punchInTime" TIMESTAMP,
    "punchOutTime" TIMESTAMP,
    "standardHours" REAL NOT NULL,
    "actualHours" REAL NOT NULL,
    "overtimeHours" REAL NOT NULL DEFAULT 0,
    "leaveHours" REAL NOT NULL DEFAULT 0,
    "absenceHours" REAL NOT NULL DEFAULT 0,
    "accountHours" TEXT NOT NULL DEFAULT '[]',
    "exceptions" TEXT NOT NULL DEFAULT '[]',
    "status" TEXT NOT NULL DEFAULT 'PENDING',
    "createdAt" TIMESTAMP NOT NULL DEFAULT NOW(),
    "updatedAt" TIMESTAMP NOT NULL,
    "accountId" INTEGER,
    "accountName" TEXT,
    CONSTRAINT "CalcResult_employeeNo_fkey" FOREIGN KEY ("employeeNo") REFERENCES "Employee" ("employeeNo") ON DELETE CASCADE ON UPDATE CASCADE,
    CONSTRAINT "CalcResult_attendanceCodeId_fkey" FOREIGN KEY ("attendanceCodeId") REFERENCES "AttendanceCode" ("id") ON DELETE SET NULL ON UPDATE CASCADE
);

-- CreateTable
CREATE TABLE "DeviceGroup" (
    "id" SERIAL PRIMARY KEY,
    "code" TEXT NOT NULL,
    "name" TEXT NOT NULL,
    "description" TEXT,
    "status" TEXT NOT NULL DEFAULT 'ACTIVE',
    "createdAt" TIMESTAMP NOT NULL DEFAULT NOW(),
    "updatedAt" TIMESTAMP NOT NULL
);

-- CreateTable
CREATE TABLE "PunchPair" (
    "id" SERIAL PRIMARY KEY,
    "employeeNo" TEXT NOT NULL,
    "pairDate" TIMESTAMP NOT NULL,
    "shiftId" INTEGER NOT NULL,
    "shiftName" TEXT,
    "inPunchId" INTEGER,
    "outPunchId" INTEGER,
    "inPunchTime" TIMESTAMP,
    "outPunchTime" TIMESTAMP,
    "workHours" REAL NOT NULL,
    "sourceGroupId" INTEGER,
    "accountId" INTEGER,
    "createdAt" TIMESTAMP NOT NULL DEFAULT NOW(),
    "updatedAt" TIMESTAMP NOT NULL,
    CONSTRAINT "PunchPair_accountId_fkey" FOREIGN KEY ("accountId") REFERENCES "LaborAccount" ("id") ON DELETE SET NULL ON UPDATE CASCADE,
    CONSTRAINT "PunchPair_outPunchId_fkey" FOREIGN KEY ("outPunchId") REFERENCES "PunchRecord" ("id") ON DELETE RESTRICT ON UPDATE CASCADE,
    CONSTRAINT "PunchPair_inPunchId_fkey" FOREIGN KEY ("inPunchId") REFERENCES "PunchRecord" ("id") ON DELETE RESTRICT ON UPDATE CASCADE,
    CONSTRAINT "PunchPair_employeeNo_fkey" FOREIGN KEY ("employeeNo") REFERENCES "Employee" ("employeeNo") ON DELETE CASCADE ON UPDATE CASCADE
);

-- CreateTable
CREATE TABLE "Product" (
    "id" SERIAL PRIMARY KEY,
    "code" TEXT NOT NULL,
    "name" TEXT NOT NULL,
    "specification" TEXT,
    "unit" TEXT NOT NULL DEFAULT '件',
    "status" TEXT NOT NULL DEFAULT 'ACTIVE',
    "standardHours" REAL NOT NULL,
    "conversionFactor" REAL NOT NULL DEFAULT 1.0,
    "description" TEXT,
    "createdById" INTEGER NOT NULL,
    "createdByName" TEXT NOT NULL,
    "createdAt" TIMESTAMP NOT NULL DEFAULT NOW(),
    "updatedById" INTEGER,
    "updatedByName" TEXT,
    "updatedAt" TIMESTAMP NOT NULL,
    "deletedAt" TIMESTAMP
);

-- CreateTable
CREATE TABLE "ProductionLine" (
    "id" SERIAL PRIMARY KEY,
    "code" TEXT NOT NULL,
    "name" TEXT NOT NULL,
    "orgId" INTEGER NOT NULL,
    "orgName" TEXT NOT NULL,
    "workshopId" INTEGER,
    "workshopName" TEXT,
    "type" TEXT NOT NULL,
    "capacity" REAL,
    "status" TEXT NOT NULL DEFAULT 'ACTIVE',
    "description" TEXT,
    "createdById" INTEGER NOT NULL,
    "createdByName" TEXT NOT NULL,
    "createdAt" TIMESTAMP NOT NULL DEFAULT NOW(),
    "updatedById" INTEGER,
    "updatedByName" TEXT,
    "updatedAt" TIMESTAMP NOT NULL,
    "deletedAt" TIMESTAMP
);

-- CreateTable
CREATE TABLE "LineShift" (
    "id" SERIAL PRIMARY KEY,
    "orgId" INTEGER NOT NULL,
    "orgName" TEXT NOT NULL,
    "lineId" INTEGER,
    "shiftId" INTEGER NOT NULL,
    "shiftName" TEXT NOT NULL,
    "scheduleDate" TIMESTAMP NOT NULL,
    "startTime" TIMESTAMP NOT NULL,
    "endTime" TIMESTAMP NOT NULL,
    "plannedProducts" TEXT NOT NULL,
    "participateInAllocation" BOOLEAN NOT NULL DEFAULT true,
    "status" TEXT NOT NULL DEFAULT 'ACTIVE',
    "description" TEXT,
    "createdAt" TIMESTAMP NOT NULL DEFAULT NOW(),
    "updatedAt" TIMESTAMP NOT NULL,
    "deletedAt" TIMESTAMP,
    "delayedShutdownTime" INTEGER,
    CONSTRAINT "LineShift_lineId_fkey" FOREIGN KEY ("lineId") REFERENCES "ProductionLine" ("id") ON DELETE SET NULL ON UPDATE CASCADE
);

-- CreateTable
CREATE TABLE "ProductStandardHours" (
    "id" SERIAL PRIMARY KEY,
    "productId" INTEGER NOT NULL,
    "productName" TEXT NOT NULL,
    "processId" INTEGER,
    "processName" TEXT,
    "standardHours" REAL NOT NULL,
    "effectiveDate" TIMESTAMP NOT NULL,
    "expiryDate" TIMESTAMP,
    "status" TEXT NOT NULL DEFAULT 'ACTIVE',
    "description" TEXT,
    "createdById" INTEGER NOT NULL,
    "createdByName" TEXT NOT NULL,
    "createdAt" TIMESTAMP NOT NULL DEFAULT NOW(),
    "deletedAt" TIMESTAMP,
    CONSTRAINT "ProductStandardHours_productId_fkey" FOREIGN KEY ("productId") REFERENCES "Product" ("id") ON DELETE CASCADE ON UPDATE CASCADE
);

-- CreateTable
CREATE TABLE "ProductionRecord" (
    "id" SERIAL PRIMARY KEY,
    "recordDate" TIMESTAMP NOT NULL,
    "orgId" INTEGER NOT NULL,
    "orgName" TEXT NOT NULL,
    "lineId" INTEGER,
    "lineName" TEXT,
    "shiftId" INTEGER NOT NULL,
    "shiftName" TEXT NOT NULL,
    "productId" INTEGER NOT NULL,
    "productCode" TEXT NOT NULL,
    "productName" TEXT NOT NULL,
    "plannedQty" REAL NOT NULL,
    "actualQty" REAL NOT NULL,
    "qualifiedQty" REAL NOT NULL,
    "unqualifiedQty" REAL,
    "standardHours" REAL NOT NULL,
    "totalStdHours" REAL NOT NULL,
    "workHours" REAL,
    "source" TEXT NOT NULL DEFAULT 'MANUAL',
    "recorderId" INTEGER NOT NULL,
    "recorderName" TEXT NOT NULL,
    "recordedAt" TIMESTAMP NOT NULL DEFAULT NOW(),
    "description" TEXT,
    "createdAt" TIMESTAMP NOT NULL DEFAULT NOW(),
    "updatedAt" TIMESTAMP NOT NULL,
    "deletedAt" TIMESTAMP,
    CONSTRAINT "ProductionRecord_productId_fkey" FOREIGN KEY ("productId") REFERENCES "Product" ("id") ON DELETE CASCADE ON UPDATE CASCADE,
    CONSTRAINT "ProductionRecord_lineId_fkey" FOREIGN KEY ("lineId") REFERENCES "ProductionLine" ("id") ON DELETE SET NULL ON UPDATE CASCADE
);

-- CreateTable
CREATE TABLE "AllocationConfig" (
    "id" SERIAL PRIMARY KEY,
    "configCode" TEXT NOT NULL,
    "configName" TEXT NOT NULL,
    "orgId" INTEGER NOT NULL,
    "orgPath" TEXT,
    "effectiveStartTime" TIMESTAMP NOT NULL,
    "effectiveEndTime" TIMESTAMP,
    "status" TEXT NOT NULL DEFAULT 'DRAFT',
    "description" TEXT,
    "version" INTEGER NOT NULL DEFAULT 1,
    "parentConfigId" INTEGER,
    "createdById" INTEGER NOT NULL,
    "createdByName" TEXT NOT NULL,
    "createdAt" TIMESTAMP NOT NULL DEFAULT NOW(),
    "updatedById" INTEGER,
    "updatedByName" TEXT,
    "updatedAt" TIMESTAMP NOT NULL,
    "approvedById" INTEGER,
    "approvedByName" TEXT,
    "approvedAt" TIMESTAMP,
    "deletedAt" TIMESTAMP
);

-- CreateTable
CREATE TABLE "AllocationSourceConfig" (
    "id" SERIAL PRIMARY KEY,
    "configId" INTEGER NOT NULL,
    "sourceType" TEXT NOT NULL DEFAULT 'EMPLOYEE_HOURS',
    "employeeFilter" TEXT NOT NULL DEFAULT '{}',
    "accountFilter" TEXT NOT NULL DEFAULT '{}',
    "attendanceCodes" TEXT NOT NULL DEFAULT '[]',
    "description" TEXT,
    "createdAt" TIMESTAMP NOT NULL DEFAULT NOW(),
    "updatedAt" TIMESTAMP NOT NULL,
    CONSTRAINT "AllocationSourceConfig_configId_fkey" FOREIGN KEY ("configId") REFERENCES "AllocationConfig" ("id") ON DELETE CASCADE ON UPDATE CASCADE
);

-- CreateTable
CREATE TABLE "AllocationRuleConfig" (
    "id" SERIAL PRIMARY KEY,
    "configId" INTEGER NOT NULL,
    "ruleName" TEXT,
    "ruleType" TEXT NOT NULL,
    "allocationBasis" TEXT NOT NULL,
    "allocationAttendanceCodes" TEXT NOT NULL DEFAULT '[]',
    "allocationHierarchyLevels" TEXT NOT NULL DEFAULT '[]',
    "allocationScopeId" INTEGER,
    "basisFilter" TEXT NOT NULL DEFAULT '{}',
    "sortOrder" INTEGER NOT NULL DEFAULT 0,
    "status" TEXT NOT NULL DEFAULT 'ACTIVE',
    "description" TEXT,
    "effectiveStartTime" TIMESTAMP,
    "effectiveEndTime" TIMESTAMP,
    "createdAt" TIMESTAMP NOT NULL DEFAULT NOW(),
    "updatedAt" TIMESTAMP NOT NULL,
    "deletedAt" TIMESTAMP,
    CONSTRAINT "AllocationRuleConfig_configId_fkey" FOREIGN KEY ("configId") REFERENCES "AllocationConfig" ("id") ON DELETE CASCADE ON UPDATE CASCADE
);

-- CreateTable
CREATE TABLE "AllocationRuleTarget" (
    "id" SERIAL PRIMARY KEY,
    "ruleId" INTEGER NOT NULL,
    "targetType" TEXT NOT NULL,
    "targetId" INTEGER NOT NULL,
    "targetName" TEXT NOT NULL,
    "targetCode" TEXT,
    "weight" REAL NOT NULL DEFAULT 0,
    "targetAccountId" INTEGER,
    "targetAccountName" TEXT,
    CONSTRAINT "AllocationRuleTarget_ruleId_fkey" FOREIGN KEY ("ruleId") REFERENCES "AllocationRuleConfig" ("id") ON DELETE CASCADE ON UPDATE CASCADE
);

-- CreateTable
CREATE TABLE "AllocationResult" (
    "id" SERIAL PRIMARY KEY,
    "batchNo" TEXT NOT NULL,
    "recordDate" TIMESTAMP NOT NULL,
    "calcResultId" INTEGER NOT NULL,
    "configId" INTEGER NOT NULL,
    "configVersion" INTEGER NOT NULL,
    "ruleId" INTEGER NOT NULL,
    "sourceEmployeeNo" TEXT,
    "sourceEmployeeName" TEXT,
    "sourceAccountId" INTEGER,
    "sourceAccountName" TEXT,
    "attendanceCodeId" INTEGER,
    "attendanceCode" TEXT,
    "sourceHours" REAL NOT NULL,
    "targetType" TEXT NOT NULL,
    "targetId" INTEGER NOT NULL,
    "targetName" TEXT NOT NULL,
    "targetAccountId" INTEGER,
    "allocationBasis" TEXT NOT NULL,
    "basisValue" REAL NOT NULL,
    "weightValue" REAL NOT NULL,
    "allocationRatio" REAL NOT NULL,
    "allocatedHours" REAL NOT NULL,
    "calcTime" TIMESTAMP NOT NULL,
    "createdAt" TIMESTAMP NOT NULL DEFAULT NOW(),
    "deletedAt" TIMESTAMP,
    CONSTRAINT "AllocationResult_configId_fkey" FOREIGN KEY ("configId") REFERENCES "AllocationConfig" ("id") ON DELETE CASCADE ON UPDATE CASCADE
);

-- CreateTable
CREATE TABLE "AllocationBasis" (
    "id" SERIAL PRIMARY KEY,
    "basisCode" TEXT NOT NULL,
    "basisName" TEXT NOT NULL,
    "category" TEXT NOT NULL DEFAULT 'SYSTEM',
    "sourceTable" TEXT,
    "calcFormula" TEXT,
    "dataType" TEXT NOT NULL,
    "precision" INTEGER NOT NULL DEFAULT 2,
    "unit" TEXT,
    "status" TEXT NOT NULL DEFAULT 'ENABLED',
    "description" TEXT,
    "createdAt" TIMESTAMP NOT NULL DEFAULT NOW(),
    "updatedAt" TIMESTAMP NOT NULL,
    "deletedAt" TIMESTAMP
);

-- CreateTable
CREATE TABLE "AuditLog" (
    "id" SERIAL PRIMARY KEY,
    "module" TEXT NOT NULL,
    "operationType" TEXT NOT NULL,
    "operationDesc" TEXT NOT NULL,
    "targetId" INTEGER,
    "targetType" TEXT,
    "oldValue" TEXT,
    "newValue" TEXT,
    "requestIp" TEXT,
    "operatorId" INTEGER NOT NULL,
    "operatorName" TEXT NOT NULL,
    "operationTime" TIMESTAMP NOT NULL DEFAULT NOW(),
    "result" TEXT NOT NULL,
    "errorMsg" TEXT
);

-- CreateTable
CREATE TABLE "AllocationGeneralConfig" (
    "id" SERIAL PRIMARY KEY,
    "actualHoursAllocationCode" TEXT NOT NULL,
    "indirectHoursAllocationCode" TEXT NOT NULL,
    "description" TEXT,
    "updatedById" INTEGER,
    "updatedByName" TEXT,
    "updatedAt" TIMESTAMP NOT NULL,
    "createdAt" TIMESTAMP NOT NULL DEFAULT NOW()
);

-- CreateTable
CREATE TABLE "SearchConditionConfig" (
    "id" SERIAL PRIMARY KEY,
    "pageCode" TEXT NOT NULL,
    "pageName" TEXT NOT NULL,
    "fieldCode" TEXT NOT NULL,
    "fieldName" TEXT NOT NULL,
    "fieldType" TEXT NOT NULL,
    "isEnabled" BOOLEAN NOT NULL DEFAULT true,
    "sortOrder" INTEGER NOT NULL DEFAULT 0,
    "dataSourceCode" TEXT,
    "createdAt" TIMESTAMP NOT NULL DEFAULT NOW(),
    "updatedAt" TIMESTAMP NOT NULL
);

-- CreateTable
CREATE TABLE "SystemConfig" (
    "id" SERIAL PRIMARY KEY,
    "configKey" TEXT NOT NULL,
    "configValue" TEXT NOT NULL,
    "category" TEXT NOT NULL,
    "description" TEXT,
    "updatedById" INTEGER,
    "updatedByName" TEXT,
    "createdAt" TIMESTAMP NOT NULL DEFAULT NOW(),
    "updatedAt" TIMESTAMP NOT NULL
);

-- CreateTable
CREATE TABLE "WorkInfoHistory" (
    "id" SERIAL PRIMARY KEY,
    "employeeId" INTEGER NOT NULL,
    "effectiveDate" TIMESTAMP NOT NULL DEFAULT NOW(),
    "endDate" TIMESTAMP,
    "changeType" TEXT,
    "position" TEXT,
    "jobLevel" TEXT,
    "employeeType" TEXT,
    "workLocation" TEXT,
    "workAddress" TEXT,
    "hireDate" TIMESTAMP,
    "probationStart" TIMESTAMP,
    "probationEnd" TIMESTAMP,
    "probationMonths" INTEGER,
    "regularDate" TIMESTAMP,
    "resignationDate" TIMESTAMP,
    "resignationReason" TEXT,
    "workYears" INTEGER,
    "orgId" INTEGER,
    "isCurrent" BOOLEAN NOT NULL DEFAULT false,
    "reason" TEXT,
    "customFields" TEXT NOT NULL DEFAULT '{}',
    "createdAt" TIMESTAMP NOT NULL DEFAULT NOW(),
    "updatedAt" TIMESTAMP NOT NULL,
    CONSTRAINT "WorkInfoHistory_orgId_fkey" FOREIGN KEY ("orgId") REFERENCES "Organization" ("id") ON DELETE SET NULL ON UPDATE CASCADE,
    CONSTRAINT "WorkInfoHistory_employeeId_fkey" FOREIGN KEY ("employeeId") REFERENCES "Employee" ("id") ON DELETE CASCADE ON UPDATE CASCADE
);

-- CreateTable
CREATE TABLE "EmployeeEducation" (
    "id" SERIAL PRIMARY KEY,
    "employeeId" INTEGER NOT NULL,
    "school" TEXT NOT NULL,
    "major" TEXT NOT NULL,
    "degree" TEXT NOT NULL,
    "educationLevel" TEXT NOT NULL,
    "startDate" TIMESTAMP NOT NULL,
    "endDate" TIMESTAMP,
    "isHighest" BOOLEAN NOT NULL DEFAULT false,
    "description" TEXT,
    "createdAt" TIMESTAMP NOT NULL DEFAULT NOW(),
    "updatedAt" TIMESTAMP NOT NULL,
    "degreeNo" TEXT,
    "diplomaNo" TEXT,
    "educationType" TEXT,
    "graduationDate" TIMESTAMP,
    CONSTRAINT "EmployeeEducation_employeeId_fkey" FOREIGN KEY ("employeeId") REFERENCES "Employee" ("id") ON DELETE CASCADE ON UPDATE CASCADE
);

-- CreateTable
CREATE TABLE "EmployeeWorkExperience" (
    "id" SERIAL PRIMARY KEY,
    "employeeId" INTEGER NOT NULL,
    "company" TEXT NOT NULL,
    "position" TEXT NOT NULL,
    "startDate" TIMESTAMP NOT NULL,
    "endDate" TIMESTAMP,
    "description" TEXT,
    "createdAt" TIMESTAMP NOT NULL DEFAULT NOW(),
    "updatedAt" TIMESTAMP NOT NULL,
    "reason" TEXT,
    "salary" TEXT,
    CONSTRAINT "EmployeeWorkExperience_employeeId_fkey" FOREIGN KEY ("employeeId") REFERENCES "Employee" ("id") ON DELETE CASCADE ON UPDATE CASCADE
);

-- CreateTable
CREATE TABLE "EmployeeFamilyMember" (
    "id" SERIAL PRIMARY KEY,
    "employeeId" INTEGER NOT NULL,
    "relationship" TEXT NOT NULL,
    "name" TEXT NOT NULL,
    "gender" TEXT,
    "idCard" TEXT,
    "phone" TEXT,
    "workUnit" TEXT,
    "dateOfBirth" TIMESTAMP,
    "isEmergency" BOOLEAN NOT NULL DEFAULT false,
    "sortOrder" INTEGER NOT NULL DEFAULT 0,
    "createdAt" TIMESTAMP NOT NULL DEFAULT NOW(),
    "updatedAt" TIMESTAMP NOT NULL,
    "address" TEXT,
    "age" INTEGER,
    CONSTRAINT "EmployeeFamilyMember_employeeId_fkey" FOREIGN KEY ("employeeId") REFERENCES "Employee" ("id") ON DELETE CASCADE ON UPDATE CASCADE
);

-- CreateIndex
CREATE UNIQUE INDEX "User_username_key" ON "User"("username");

-- CreateIndex
CREATE UNIQUE INDEX "Role_code_key" ON "Role"("code");

-- CreateIndex
CREATE UNIQUE INDEX "UserRole_userId_roleId_key" ON "UserRole"("userId", "roleId");

-- CreateIndex
CREATE UNIQUE INDEX "Organization_code_key" ON "Organization"("code");

-- CreateIndex
CREATE UNIQUE INDEX "Employee_employeeNo_key" ON "Employee"("employeeNo");

-- CreateIndex
CREATE UNIQUE INDEX "Employee_idCard_key" ON "Employee"("idCard");

-- CreateIndex
CREATE UNIQUE INDEX "DataSource_code_key" ON "DataSource"("code");

-- CreateIndex
CREATE UNIQUE INDEX "DataSourceOption_dataSourceId_value_key" ON "DataSourceOption"("dataSourceId", "value");

-- CreateIndex
CREATE UNIQUE INDEX "CustomField_code_key" ON "CustomField"("code");

-- CreateIndex
CREATE UNIQUE INDEX "EmployeeInfoTab_code_key" ON "EmployeeInfoTab"("code");

-- CreateIndex
CREATE UNIQUE INDEX "EmployeeInfoTabGroup_tabId_code_key" ON "EmployeeInfoTabGroup"("tabId", "code");

-- CreateIndex
CREATE INDEX "EmployeeInfoTabField_groupId_idx" ON "EmployeeInfoTabField"("groupId");

-- CreateIndex
CREATE UNIQUE INDEX "EmployeeInfoTabField_tabId_fieldCode_key" ON "EmployeeInfoTabField"("tabId", "fieldCode");

-- CreateIndex
CREATE UNIQUE INDEX "LaborAccount_code_key" ON "LaborAccount"("code");

-- CreateIndex
CREATE UNIQUE INDEX "Shift_code_key" ON "Shift"("code");

-- CreateIndex
CREATE UNIQUE INDEX "ShiftPropertyDefinition_propertyKey_key" ON "ShiftPropertyDefinition"("propertyKey");

-- CreateIndex
CREATE INDEX "ShiftPropertyDefinition_status_idx" ON "ShiftPropertyDefinition"("status");

-- CreateIndex
CREATE INDEX "ShiftProperty_shiftId_idx" ON "ShiftProperty"("shiftId");

-- CreateIndex
CREATE UNIQUE INDEX "ShiftProperty_shiftId_propertyKey_key" ON "ShiftProperty"("shiftId", "propertyKey");

-- CreateIndex
CREATE UNIQUE INDEX "PunchDevice_code_key" ON "PunchDevice"("code");

-- CreateIndex
CREATE INDEX "DeviceAccount_deviceId_accountId_effectiveDate_expiryDate_idx" ON "DeviceAccount"("deviceId", "accountId", "effectiveDate", "expiryDate");

-- CreateIndex
CREATE UNIQUE INDEX "PunchRule_code_key" ON "PunchRule"("code");

-- CreateIndex
CREATE UNIQUE INDEX "CalcRule_code_key" ON "CalcRule"("code");

-- CreateIndex
CREATE UNIQUE INDEX "AttendanceCode_code_key" ON "AttendanceCode"("code");

-- CreateIndex
CREATE UNIQUE INDEX "DeviceGroup_code_key" ON "DeviceGroup"("code");

-- CreateIndex
CREATE INDEX "PunchPair_employeeNo_pairDate_idx" ON "PunchPair"("employeeNo", "pairDate");

-- CreateIndex
CREATE INDEX "PunchPair_shiftId_idx" ON "PunchPair"("shiftId");

-- CreateIndex
CREATE INDEX "PunchPair_accountId_idx" ON "PunchPair"("accountId");

-- CreateIndex
CREATE UNIQUE INDEX "Product_code_key" ON "Product"("code");

-- CreateIndex
CREATE UNIQUE INDEX "ProductionLine_code_key" ON "ProductionLine"("code");

-- CreateIndex
CREATE INDEX "LineShift_orgId_scheduleDate_idx" ON "LineShift"("orgId", "scheduleDate");

-- CreateIndex
CREATE INDEX "LineShift_scheduleDate_idx" ON "LineShift"("scheduleDate");

-- CreateIndex
CREATE UNIQUE INDEX "LineShift_orgId_shiftId_scheduleDate_deletedAt_key" ON "LineShift"("orgId", "shiftId", "scheduleDate", "deletedAt");

-- CreateIndex
CREATE INDEX "ProductStandardHours_productId_effectiveDate_expiryDate_status_idx" ON "ProductStandardHours"("productId", "effectiveDate", "expiryDate", "status");

-- CreateIndex
CREATE INDEX "ProductionRecord_recordDate_idx" ON "ProductionRecord"("recordDate");

-- CreateIndex
CREATE INDEX "ProductionRecord_orgId_recordDate_idx" ON "ProductionRecord"("orgId", "recordDate");

-- CreateIndex
CREATE INDEX "ProductionRecord_productId_recordDate_idx" ON "ProductionRecord"("productId", "recordDate");

-- CreateIndex
CREATE INDEX "ProductionRecord_shiftId_recordDate_idx" ON "ProductionRecord"("shiftId", "recordDate");

-- CreateIndex
CREATE UNIQUE INDEX "ProductionRecord_recordDate_orgId_shiftId_productId_deletedAt_key" ON "ProductionRecord"("recordDate", "orgId", "shiftId", "productId", "deletedAt");

-- CreateIndex
CREATE UNIQUE INDEX "AllocationConfig_configCode_key" ON "AllocationConfig"("configCode");

-- CreateIndex
CREATE UNIQUE INDEX "AllocationSourceConfig_configId_key" ON "AllocationSourceConfig"("configId");

-- CreateIndex
CREATE INDEX "AllocationRuleConfig_configId_idx" ON "AllocationRuleConfig"("configId");

-- CreateIndex
CREATE INDEX "AllocationRuleConfig_status_idx" ON "AllocationRuleConfig"("status");

-- CreateIndex
CREATE INDEX "AllocationRuleTarget_ruleId_idx" ON "AllocationRuleTarget"("ruleId");

-- CreateIndex
CREATE INDEX "AllocationRuleTarget_targetType_targetId_idx" ON "AllocationRuleTarget"("targetType", "targetId");

-- CreateIndex
CREATE INDEX "AllocationResult_batchNo_idx" ON "AllocationResult"("batchNo");

-- CreateIndex
CREATE INDEX "AllocationResult_recordDate_idx" ON "AllocationResult"("recordDate");

-- CreateIndex
CREATE INDEX "AllocationResult_configId_idx" ON "AllocationResult"("configId");

-- CreateIndex
CREATE INDEX "AllocationResult_ruleId_idx" ON "AllocationResult"("ruleId");

-- CreateIndex
CREATE INDEX "AllocationResult_calcResultId_idx" ON "AllocationResult"("calcResultId");

-- CreateIndex
CREATE INDEX "AllocationResult_targetType_targetId_idx" ON "AllocationResult"("targetType", "targetId");

-- CreateIndex
CREATE INDEX "AllocationResult_sourceEmployeeNo_idx" ON "AllocationResult"("sourceEmployeeNo");

-- CreateIndex
CREATE INDEX "AllocationResult_calcTime_idx" ON "AllocationResult"("calcTime");

-- CreateIndex
CREATE UNIQUE INDEX "AllocationBasis_basisCode_key" ON "AllocationBasis"("basisCode");

-- CreateIndex
CREATE INDEX "AllocationBasis_status_idx" ON "AllocationBasis"("status");

-- CreateIndex
CREATE INDEX "AuditLog_module_idx" ON "AuditLog"("module");

-- CreateIndex
CREATE INDEX "AuditLog_operatorId_idx" ON "AuditLog"("operatorId");

-- CreateIndex
CREATE INDEX "AuditLog_operationTime_idx" ON "AuditLog"("operationTime");

-- CreateIndex
CREATE INDEX "AuditLog_targetType_targetId_idx" ON "AuditLog"("targetType", "targetId");

-- CreateIndex
CREATE INDEX "SearchConditionConfig_pageCode_idx" ON "SearchConditionConfig"("pageCode");

-- CreateIndex
CREATE UNIQUE INDEX "SearchConditionConfig_pageCode_fieldCode_key" ON "SearchConditionConfig"("pageCode", "fieldCode");

-- CreateIndex
CREATE UNIQUE INDEX "SystemConfig_configKey_key" ON "SystemConfig"("configKey");

-- CreateIndex
CREATE INDEX "SystemConfig_category_idx" ON "SystemConfig"("category");

-- CreateIndex
CREATE INDEX "WorkInfoHistory_employeeId_effectiveDate_idx" ON "WorkInfoHistory"("employeeId", "effectiveDate");

-- CreateIndex
CREATE INDEX "WorkInfoHistory_employeeId_isCurrent_idx" ON "WorkInfoHistory"("employeeId", "isCurrent");

-- CreateIndex
CREATE INDEX "EmployeeEducation_employeeId_idx" ON "EmployeeEducation"("employeeId");

-- CreateIndex
CREATE INDEX "EmployeeEducation_employeeId_isHighest_idx" ON "EmployeeEducation"("employeeId", "isHighest");

-- CreateIndex
CREATE INDEX "EmployeeWorkExperience_employeeId_idx" ON "EmployeeWorkExperience"("employeeId");

-- CreateIndex
CREATE INDEX "EmployeeWorkExperience_employeeId_startDate_idx" ON "EmployeeWorkExperience"("employeeId", "startDate");

-- CreateIndex
CREATE INDEX "EmployeeFamilyMember_employeeId_idx" ON "EmployeeFamilyMember"("employeeId");

-- CreateIndex
CREATE INDEX "EmployeeFamilyMember_employeeId_isEmergency_idx" ON "EmployeeFamilyMember"("employeeId", "isEmergency");



-- ========================================
-- 种子数据 (Seed Data)
-- 生成时间: 2026-05-29T01:23:04+08:00
-- ========================================


INSERT INTO "DataSource" VALUES (1, 'ORG_TYPE', '组织类型', 'BUILTIN', '组织架构类型选项', true, 'ACTIVE', 1, NOW(), NOW());
INSERT INTO "DataSourceOption" VALUES (2, 1, '工厂', 'COMPANY', 2, true, NOW(), NOW());
INSERT INTO "DataSourceOption" VALUES (3, 1, '车间', 'DEPARTMENT', 3, true, NOW(), NOW());
INSERT INTO "DataSourceOption" VALUES (1, 1, '集团', 'GROUP', 1, true, NOW(), NOW());
INSERT INTO "DataSourceOption" VALUES (5, 1, '岗位', 'POSITION', 5, false, NOW(), NOW());
INSERT INTO "DataSourceOption" VALUES (4, 1, '产线', 'TEAM', 4, true, NOW(), NOW());
INSERT INTO "DataSource" VALUES (2, 'EDUCATION', '学历', 'CUSTOM', '员工学历选项', true, 'ACTIVE', 12, NOW(), NOW());
INSERT INTO "DataSourceOption" VALUES (8, 2, '本科', 'BACHELOR', 3, true, NOW(), NOW());
INSERT INTO "DataSourceOption" VALUES (7, 2, '大专', 'COLLEGE', 2, true, NOW(), NOW());
INSERT INTO "DataSourceOption" VALUES (10, 2, '博士', 'DOCTOR', 5, true, NOW(), NOW());
INSERT INTO "DataSourceOption" VALUES (6, 2, '高中', 'HIGH_SCHOOL', 1, true, NOW(), NOW());
INSERT INTO "DataSourceOption" VALUES (9, 2, '硕士', 'MASTER', 4, true, NOW(), NOW());
INSERT INTO "DataSource" VALUES (3, 'WORK_STATUS', '工作状态', 'CUSTOM', '员工工作状态', false, 'ACTIVE', 3, NOW(), NOW());
INSERT INTO "DataSourceOption" VALUES (11, 3, '在职', 'ACTIVE', 1, true, NOW(), NOW());
INSERT INTO "DataSourceOption" VALUES (13, 3, '请假', 'LEAVE', 3, true, NOW(), NOW());
INSERT INTO "DataSourceOption" VALUES (12, 3, '试用期', 'PROBATION', 2, true, NOW(), NOW());
INSERT INTO "DataSourceOption" VALUES (14, 3, '离职', 'RESIGNED', 4, true, NOW(), NOW());
INSERT INTO "DataSource" VALUES (4, 'PRODUCT', '产品', 'BUILTIN', '产品选项（来自产品配置）', true, 'ACTIVE', 4, NOW(), NOW());
INSERT INTO "DataSourceOption" VALUES (15, 4, '大桶', 'A01', 0, true, NOW(), NOW());
INSERT INTO "DataSourceOption" VALUES (16, 4, '小桶', 'A02', 0, true, NOW(), NOW());
INSERT INTO "DataSource" VALUES (5, 'PROCESS', '工序', 'BUILTIN', '工序选项（来自班次配置）', true, 'ACTIVE', 5, NOW(), NOW());
INSERT INTO "DataSourceOption" VALUES (17, 5, '焊接', 'A01', 0, true, NOW(), NOW());
INSERT INTO "DataSourceOption" VALUES (18, 5, '喷漆', 'A02', 0, true, NOW(), NOW());
INSERT INTO "DataSource" VALUES (6, 'GENDER', '性别', 'CUSTOM', '员工性别选项', true, 'ACTIVE', 1, NOW(), NOW());
INSERT INTO "DataSourceOption" VALUES (20, 6, '女', 'FEMALE', 2, true, NOW(), NOW());
INSERT INTO "DataSourceOption" VALUES (19, 6, '男', 'MALE', 1, true, NOW(), NOW());
INSERT INTO "DataSource" VALUES (7, 'MARITAL_STATUS', '婚姻状况', 'CUSTOM', '员工婚姻状况选项', true, 'ACTIVE', 2, NOW(), NOW());
INSERT INTO "DataSourceOption" VALUES (23, 7, '离异', 'DIVORCED', 3, true, NOW(), NOW());
INSERT INTO "DataSourceOption" VALUES (22, 7, '已婚', 'MARRIED', 2, true, NOW(), NOW());
INSERT INTO "DataSourceOption" VALUES (21, 7, '未婚', 'SINGLE', 1, true, NOW(), NOW());
INSERT INTO "DataSourceOption" VALUES (24, 7, '丧偶', 'WIDOWED', 4, true, NOW(), NOW());
INSERT INTO "DataSource" VALUES (8, 'POLITICAL_STATUS', '政治面貌', 'CUSTOM', '员工政治面貌选项', true, 'ACTIVE', 3, NOW(), NOW());
INSERT INTO "DataSourceOption" VALUES (26, 8, '党员', 'CCP_MEMBER', 2, true, NOW(), NOW());
INSERT INTO "DataSourceOption" VALUES (27, 8, '团员', 'CYL_MEMBER', 3, true, NOW(), NOW());
INSERT INTO "DataSourceOption" VALUES (28, 8, '民主党派', 'DEMOCRATIC_PARTY', 4, true, NOW(), NOW());
INSERT INTO "DataSourceOption" VALUES (25, 8, '群众', 'MASS', 1, true, NOW(), NOW());
INSERT INTO "DataSourceOption" VALUES (29, 8, '其他', 'OTHER', 5, true, NOW(), NOW());
INSERT INTO "DataSource" VALUES (9, 'EMERGENCY_CONTACT_RELATION', '紧急联系人关系', 'CUSTOM', '紧急联系人关系选项', true, 'ACTIVE', 4, NOW(), NOW());
INSERT INTO "DataSourceOption" VALUES (33, 9, '子女', 'CHILD', 4, true, NOW(), NOW());
INSERT INTO "DataSourceOption" VALUES (30, 9, '父亲', 'FATHER', 1, true, NOW(), NOW());
INSERT INTO "DataSourceOption" VALUES (31, 9, '母亲', 'MOTHER', 2, true, NOW(), NOW());
INSERT INTO "DataSourceOption" VALUES (34, 9, '其他', 'OTHER', 5, true, NOW(), NOW());
INSERT INTO "DataSourceOption" VALUES (32, 9, '配偶', 'SPOUSE', 3, true, NOW(), NOW());
INSERT INTO "DataSource" VALUES (10, 'EMPLOYMENT_RELATION', '工作关系', 'CUSTOM', '员工工作关系选项', true, 'ACTIVE', 5, NOW(), NOW());
INSERT INTO "DataSourceOption" VALUES (35, 10, '正式员工', 'FORMAL', 1, true, NOW(), NOW());
INSERT INTO "DataSourceOption" VALUES (37, 10, '实习生', 'INTERN', 3, true, NOW(), NOW());
INSERT INTO "DataSourceOption" VALUES (38, 10, '外包', 'OUTSOURCE', 4, true, NOW(), NOW());
INSERT INTO "DataSourceOption" VALUES (36, 10, '临时员工', 'TEMPORARY', 2, true, NOW(), NOW());
INSERT INTO "DataSource" VALUES (11, 'ENTRY_TYPE', '入职类型', 'CUSTOM', '员工入职类型选项', true, 'ACTIVE', 6, NOW(), NOW());
INSERT INTO "DataSourceOption" VALUES (39, 11, '校园招聘', 'CAMPUS_RECRUITMENT', 1, true, NOW(), NOW());
INSERT INTO "DataSourceOption" VALUES (41, 11, '内部推荐', 'INTERNAL_REFERRAL', 3, true, NOW(), NOW());
INSERT INTO "DataSourceOption" VALUES (42, 11, '其他', 'OTHER', 4, true, NOW(), NOW());
INSERT INTO "DataSourceOption" VALUES (40, 11, '社会招聘', 'SOCIAL_RECRUITMENT', 2, true, NOW(), NOW());
INSERT INTO "DataSource" VALUES (12, 'EMPLOYEE_TYPE', '员工类型', 'CUSTOM', '员工类型选项', true, 'ACTIVE', 7, NOW(), NOW());
INSERT INTO "DataSourceOption" VALUES (43, 12, '全职', 'FULL_TIME', 1, true, NOW(), NOW());
INSERT INTO "DataSourceOption" VALUES (45, 12, '劳务派遣', 'LABOR_DISPATCH', 3, true, NOW(), NOW());
INSERT INTO "DataSourceOption" VALUES (44, 12, '兼职', 'PART_TIME', 2, true, NOW(), NOW());
INSERT INTO "DataSource" VALUES (13, 'JOB_LEVEL', '职级', 'CUSTOM', '员工职级选项', true, 'ACTIVE', 8, NOW(), NOW());
INSERT INTO "DataSourceOption" VALUES (83, 13, '初级', 'LEVEL_001', 0, true, NOW(), NOW());
INSERT INTO "DataSourceOption" VALUES (84, 13, '中级', 'LEVEL_002', 1, true, NOW(), NOW());
INSERT INTO "DataSourceOption" VALUES (85, 13, '高级', 'LEVEL_003', 2, true, NOW(), NOW());
INSERT INTO "DataSourceOption" VALUES (86, 13, '专家级', 'LEVEL_004', 3, true, NOW(), NOW());
INSERT INTO "DataSource" VALUES (15, 'COST_CENTER', '成本中心', 'CUSTOM', '成本中心选项', true, 'ACTIVE', 10, NOW(), NOW());
INSERT INTO "DataSourceOption" VALUES (65, 15, '财务中心', 'FINANCE_CENTER', 5, true, NOW(), NOW());
INSERT INTO "DataSourceOption" VALUES (64, 15, '市场中心', 'MARKETING_CENTER', 4, true, NOW(), NOW());
INSERT INTO "DataSourceOption" VALUES (63, 15, '运营中心', 'OPERATION_CENTER', 3, true, NOW(), NOW());
INSERT INTO "DataSourceOption" VALUES (61, 15, '研发中心', 'RD_CENTER', 1, true, NOW(), NOW());
INSERT INTO "DataSourceOption" VALUES (62, 15, '销售中心', 'SALES_CENTER', 2, true, NOW(), NOW());
INSERT INTO "DataSource" VALUES (17, 'POSITION', '岗位', 'CUSTOM', '员工岗位', true, 'ACTIVE', 0, NOW(), NOW());
INSERT INTO "DataSourceOption" VALUES (72, 17, '线组长', 'POST_001', 0, true, NOW(), NOW());
INSERT INTO "DataSourceOption" VALUES (73, 17, '工艺工程师', 'POST_002', 1, true, NOW(), NOW());
INSERT INTO "DataSourceOption" VALUES (74, 17, '设备工程师', 'POST_003', 2, true, NOW(), NOW());
INSERT INTO "DataSourceOption" VALUES (75, 17, '质量工程师', 'POST_004', 3, true, NOW(), NOW());
INSERT INTO "DataSourceOption" VALUES (76, 17, '设备技术员', 'POST_005', 4, true, NOW(), NOW());
INSERT INTO "DataSourceOption" VALUES (77, 17, '工艺技术员', 'POST_006', 5, true, NOW(), NOW());
INSERT INTO "DataSourceOption" VALUES (78, 17, '维修技术员', 'POST_007', 6, true, NOW(), NOW());
INSERT INTO "DataSourceOption" VALUES (79, 17, 'SMT操作员', 'POST_008', 7, true, NOW(), NOW());
INSERT INTO "DataSourceOption" VALUES (80, 17, '装配工', 'POST_009', 8, true, NOW(), NOW());
INSERT INTO "DataSourceOption" VALUES (81, 17, '质检员', 'POST_010', 9, true, NOW(), NOW());
INSERT INTO "DataSourceOption" VALUES (82, 17, '仓管员', 'POST_011', 10, true, NOW(), NOW());
INSERT INTO "Role" VALUES (1, 'ADMIN', '系统管理员', '拥有系统所有权限', '["*"]', 'ALL', NULL, NULL, NULL, false, 'ACTIVE', NOW(), NOW());
INSERT INTO "Role" VALUES (2, 'HR_ADMIN', 'HR管理员', '人事管理相关权限', '["hr:org:view","hr:org:edit","hr:emp:view","hr:emp:edit","hr:emp:delete"]', 'ALL', NULL, NULL, NULL, true, 'ACTIVE', NOW(), NOW());
INSERT INTO "User" VALUES (1, 'admin', '$2b$10$lYrCIqi1QW2/gx7QVtH65.X9gAnJzqwSn4jW8u7Yg13kOPaeKPDRK', '系统管理员', 'admin@example.com', 'ACTIVE', NOW(), NOW());
INSERT INTO "User" VALUES (2, 'hr_admin', '$2b$10$e1xpPRDKdv2G3gaTHnVT9.U./cxkbZ0mNp9fZaa3Y4.U9C6mCEiK2', 'HR管理员', 'hr_admin@example.com', 'ACTIVE', NOW(), NOW());
INSERT INTO "User" VALUES (3, '202605001', '$2b$10$I1wmeEXUw.QCsUXhQSyGZOHVSzbltaKl8b88eBQF5ZpBPa/E6fgaG', 'Aaron.he', NULL, 'ACTIVE', NOW(), NOW());
INSERT INTO "User" VALUES (4, '202605002', '$2b$10$QSa9XL/Gsk7roEcGo/QC6O4QkstdIvmVgzgicheSif/uSMScYt0re', 'Paul ', NULL, 'ACTIVE', NOW(), NOW());
INSERT INTO "User" VALUES (5, '202605003', '$2b$10$vKuq8Pv81zEZSktv1kGMTuY6BocSUKG1UNKYolGb3wol8Jo4.jyLq', 'Eric', NULL, 'ACTIVE', NOW(), NOW());
INSERT INTO "User" VALUES (6, '202605004', '$2b$10$6Oy1td8t2LzBcVu7M1apn.PGN8Q2NNnR1FknZk.YrIoVl/sO2DOAq', 'Will', NULL, 'ACTIVE', NOW(), NOW());
INSERT INTO "User" VALUES (7, '202605005', '$2b$10$SwGYF6wObK8tiH9DSO1i9elGvgbNCvseqvlOElfSi3TNjfRwzy3y2', '张三', NULL, 'ACTIVE', NOW(), NOW());
INSERT INTO "User" VALUES (8, '202605006', '$2b$10$CQx4YLYHOi1AgCN4yCvgGOm62ElDXcQRBYE0LB4Fwp42e1pHNRRyK', '李四', NULL, 'ACTIVE', NOW(), NOW());
INSERT INTO "User" VALUES (9, '202605007', '$2b$10$ee6VPZGzTUCgT7yygSvZ/.fmMGaX4ocYfHf0U6cC25IXjyVRpH.tW', '测试员工', NULL, 'ACTIVE', NOW(), NOW());
INSERT INTO "User" VALUES (10, '202605008', '$2b$10$QzF/q3B7rWXvSfKGl9RZ4eXtbdoA0cxlP1WQz4AJjobkWSG02m1Oe', '测试员工1111', NULL, 'ACTIVE', NOW(), NOW());
INSERT INTO "User" VALUES (11, '202605009', '$2b$10$FsDxJV6zVq4oDZIPuApyv.6boa6e0zOXdk5oI1pzrrDELPc4Qzebe', '测试员工2', NULL, 'ACTIVE', NOW(), NOW());
INSERT INTO "User" VALUES (12, '202605010', '$2b$10$QGLqSIhRXVU2P4DQpXICaO0lCpxXm7r8jccEn8chDHScrRZiNFpF2', '测试员工3', 'Aaron.he@gaiaworks.cn', 'ACTIVE', NOW(), NOW());
INSERT INTO "User" VALUES (13, '202605011', '$2b$10$laBa6XQ6fmsEUUpM4kezVOO2j25FoBk5UqgccCoTCrafarTTGvAzC', '测试11', 'Aaron.he@gaiaworks.cn', 'ACTIVE', NOW(), NOW());
INSERT INTO "UserRole" VALUES (1, 1, 1, NOW());
INSERT INTO "UserRole" VALUES (2, 2, 2, NOW());
INSERT INTO "UserRole" VALUES (3, 3, 2, NOW());
INSERT INTO "UserRole" VALUES (4, 4, 2, NOW());
INSERT INTO "UserRole" VALUES (5, 5, 2, NOW());
INSERT INTO "UserRole" VALUES (6, 6, 2, NOW());
INSERT INTO "UserRole" VALUES (7, 7, 2, NOW());
INSERT INTO "UserRole" VALUES (8, 8, 2, NOW());
INSERT INTO "UserRole" VALUES (9, 9, 2, NOW());
INSERT INTO "UserRole" VALUES (10, 10, 2, NOW());
INSERT INTO "UserRole" VALUES (11, 11, 2, NOW());
INSERT INTO "UserRole" VALUES (12, 12, 2, NOW());
INSERT INTO "UserRole" VALUES (13, 13, 2, NOW());
INSERT INTO "Organization" VALUES (1, 'ROOT', '集团总部', NULL, 'GROUP', NULL, '总经理', 1, '2026-05-21T11:11:54.239Z', NULL, 'ACTIVE', NOW(), NOW());
INSERT INTO "Organization" VALUES (4, 'DH', '杭州工厂', 1, 'COMPANY', NULL, NULL, 1, '2026-05-22T10:17:04.151Z', NULL, 'ACTIVE', NOW(), NOW());
INSERT INTO "Organization" VALUES (5, 'DH01', 'W1总装车间', 4, 'DEPARTMENT', NULL, NULL, 2, '2026-05-22T10:17:36.020Z', NULL, 'ACTIVE', NOW(), NOW());
INSERT INTO "Organization" VALUES (6, 'DH0101', 'W1总装L1产线', 5, 'TEAM', NULL, NULL, 1, '2026-05-22T10:17:58.886Z', NULL, 'ACTIVE', NOW(), NOW());
INSERT INTO "Organization" VALUES (7, 'DH01002', 'W1总装L2产线', 5, 'TEAM', NULL, NULL, 3, '2026-05-22T10:18:39.482Z', NULL, 'ACTIVE', NOW(), NOW());
INSERT INTO "Organization" VALUES (8, 'DH02', 'W2总装车间', 4, 'DEPARTMENT', NULL, NULL, 2, '2026-05-22T15:11:15.813Z', NULL, 'ACTIVE', NOW(), NOW());
INSERT INTO "Organization" VALUES (9, 'DH02001', 'W2总装车间L1产线', 8, 'TEAM', NULL, NULL, 3, '2026-05-22T15:11:47.728Z', NULL, 'ACTIVE', NOW(), NOW());
INSERT INTO "Organization" VALUES (10, 'DH02002', 'W2总装车间L2产线', 8, 'TEAM', NULL, NULL, 3, '2026-05-22T15:12:15.391Z', NULL, 'ACTIVE', NOW(), NOW());
INSERT INTO "Employee" VALUES (3, '202605001', 'Aaron.he', 'MALE', NULL, '15851492871', NULL, 6, '2024-01-01T00:00:00.000Z', 'ACTIVE', '{}', NOW(), NOW(), NULL, '1999-01-01T00:00:00.000Z', '苏州', NULL, '15851492871', NULL, NULL, NULL, NULL, NULL, NULL, NULL, NULL);
INSERT INTO "Employee" VALUES (4, '202605002', 'Paul ', 'MALE', NULL, NULL, NULL, 7, '2025-01-01T00:00:00.000Z', 'ACTIVE', '{"A02":"A01"}', NOW(), NOW(), NULL, NULL, NULL, NULL, NULL, NULL, NULL, NULL, NULL, NULL, NULL, NULL, NULL);
INSERT INTO "Employee" VALUES (5, '202605003', 'Eric', 'MALE', NULL, NULL, NULL, 6, '2025-01-01T00:00:00.000Z', 'ACTIVE', '{}', NOW(), NOW(), NULL, NULL, NULL, NULL, NULL, NULL, NULL, NULL, NULL, NULL, NULL, NULL, NULL);
INSERT INTO "Employee" VALUES (6, '202605004', 'Will', 'MALE', NULL, NULL, NULL, 7, '2024-01-01T00:00:00.000Z', 'ACTIVE', '{}', NOW(), NOW(), NULL, NULL, NULL, NULL, NULL, NULL, NULL, NULL, NULL, NULL, NULL, NULL, NULL);
INSERT INTO "Employee" VALUES (7, '202605005', '张三', 'MALE', NULL, NULL, NULL, 6, '2024-01-01T00:00:00.000Z', 'ACTIVE', '{}', NOW(), NOW(), NULL, NULL, NULL, NULL, NULL, NULL, NULL, NULL, NULL, NULL, NULL, NULL, NULL);
INSERT INTO "Employee" VALUES (8, '202605006', '李四', 'MALE', NULL, NULL, NULL, 7, '2025-01-01T00:00:00.000Z', 'ACTIVE', '{}', NOW(), NOW(), NULL, NULL, NULL, NULL, NULL, NULL, NULL, NULL, NULL, NULL, NULL, NULL, NULL);
INSERT INTO "Employee" VALUES (9, '202605007', '测试员工', 'MALE', NULL, NULL, NULL, 7, '2024-01-01T00:00:00.000Z', 'ACTIVE', '{}', NOW(), NOW(), NULL, NULL, NULL, NULL, NULL, NULL, NULL, NULL, NULL, NULL, NULL, NULL, NULL);
INSERT INTO "Employee" VALUES (10, '202605008', '测试员工1111', 'MALE', NULL, NULL, NULL, 9, '2024-01-01T00:00:00.000Z', 'ACTIVE', '{}', NOW(), NOW(), NULL, NULL, NULL, NULL, NULL, NULL, NULL, NULL, NULL, NULL, NULL, NULL, NULL);
INSERT INTO "Employee" VALUES (11, '202605009', '测试员工2', 'MALE', NULL, NULL, NULL, 6, '2024-01-01T00:00:00.000Z', 'ACTIVE', '{}', NOW(), NOW(), 27, '1999-01-01T00:00:00.000Z', NULL, NULL, NULL, NULL, NULL, NULL, NULL, 'SINGLE', NULL, NULL, NULL);
INSERT INTO "Employee" VALUES (12, '202605010', '测试员工3', 'MALE', NULL, '15851492871', 'Aaron.he@gaiaworks.cn', 7, '2024-01-01T00:00:00.000Z', 'ACTIVE', '{"employmentRelation":"FORMAL","costCenter":"RD_CENTER"}', NOW(), NOW(), 27, '1999-01-01T00:00:00.000Z', '苏州', '张三', '15851492871', 'OTHER', NULL, NULL, '苏州', 'SINGLE', '苏州', NULL, 'OTHER');
INSERT INTO "Employee" VALUES (13, '202605011', '测试11', 'MALE', NULL, '15851492871', 'Aaron.he@gaiaworks.cn', 7, '2026-01-01T00:00:00.000Z', 'ACTIVE', '{}', NOW(), NOW(), 27, '1999-01-01T00:00:00.000Z', '苏州', '张三', '15851492871', 'OTHER', NULL, NULL, '苏州', 'SINGLE', '苏州', NULL, 'OTHER');
INSERT INTO "Shift" VALUES (1, 'NORMAL', '正常班', 'NORMAL', 7.5, 1.5, '#1890ff', 'INACTIVE', NOW(), NOW());
INSERT INTO "Shift" VALUES (2, 'A01', '白班', 'NORMAL', 10, 0, '#00B365', 'INACTIVE', NOW(), NOW());
INSERT INTO "Shift" VALUES (3, 'SIMPLE_001', '简单班次', 'NORMAL', 9, 0, NULL, 'INACTIVE', NOW(), NOW());
INSERT INTO "Shift" VALUES (4, 'A03', '更新后的班次名称', 'NORMAL', 10, 0, '#00B365', 'INACTIVE', NOW(), NOW());
INSERT INTO "Shift" VALUES (5, 'TEST_TRANSFER_001', '测试转移账户班次', 'NORMAL', 10, 0, NULL, 'INACTIVE', NOW(), NOW());
INSERT INTO "Shift" VALUES (6, 'A06', '生产白班', 'NORMAL', 10, 0, '#00B365', 'INACTIVE', NOW(), NOW());
INSERT INTO "Shift" VALUES (7, 'A01-NEW', 'A01生产白班', 'NORMAL', 10, 0, NULL, 'INACTIVE', NOW(), NOW());
INSERT INTO "Shift" VALUES (8, 'A07', '生产长白班', 'NORMAL', 9, 0, '#00B365', 'ACTIVE', NOW(), NOW());
INSERT INTO "Shift" VALUES (9, 'TEST_A', '测试班次A', 'NORMAL', 8, 0, NULL, 'ACTIVE', NOW(), NOW());
INSERT INTO "ShiftProperty" VALUES (1, 2, 'A01', '是', NULL, 0, NOW(), NOW());
INSERT INTO "ShiftProperty" VALUES (3, 4, 'A01', '是', NULL, 0, NOW(), NOW());
INSERT INTO "ShiftProperty" VALUES (8, 8, 'A01', '是', NULL, 0, NOW(), NOW());
INSERT INTO "PunchDevice" VALUES (1, 'DEV001', '前台考勤机', 'FACE', NULL, NULL, 'DISABLED', NOW(), NOW());
INSERT INTO "PunchDevice" VALUES (2, 'TEST001', '测试设备', 'FINGERPRINT', NULL, NULL, 'DISABLED', NOW(), NOW());
INSERT INTO "PunchDevice" VALUES (3, 'A0001', 'W1总装车间设备', 'FINGERPRINT', NULL, 1, 'DISABLED', NOW(), NOW());
INSERT INTO "PunchDevice" VALUES (4, 'A0002', 'W2总装车间设备', 'FINGERPRINT', NULL, 1, 'DISABLED', NOW(), NOW());
INSERT INTO "PunchDevice" VALUES (5, 'DEL_TEST', '待删除测试设备', 'FINGERPRINT', NULL, NULL, 'DISABLED', NOW(), NOW());
INSERT INTO "PunchDevice" VALUES (6, 'A01', 'W1总装L1线体设备', 'FINGERPRINT', NULL, 2, 'DISABLED', NOW(), NOW());
INSERT INTO "PunchDevice" VALUES (7, 'A02', 'W1总装L1线体设备', 'FINGERPRINT', NULL, 2, 'DISABLED', NOW(), NOW());
INSERT INTO "PunchDevice" VALUES (8, 'AC1', 'W1总装L1线体焊接设备', 'FINGERPRINT', NULL, 3, 'DISABLED', NOW(), NOW());
INSERT INTO "PunchDevice" VALUES (9, 'AC2', 'W1总装L1线体喷漆设备', 'FINGERPRINT', NULL, 3, 'DISABLED', NOW(), NOW());
INSERT INTO "PunchDevice" VALUES (10, 'A001', 'W1总装L1线体设备', 'FINGERPRINT', NULL, NULL, 'DISABLED', NOW(), NOW());
INSERT INTO "PunchDevice" VALUES (11, 'A00001', 'W1总装L1线体设备', 'FINGERPRINT', NULL, 5, 'NORMAL', NOW(), NOW());
INSERT INTO "PunchDevice" VALUES (12, 'A00002', 'W1总装L2产线设备', 'FINGERPRINT', NULL, 5, 'NORMAL', NOW(), NOW());
INSERT INTO "PunchDevice" VALUES (13, 'W1L1A1', 'W1车间L1线体焊接设备', 'FINGERPRINT', NULL, 6, 'NORMAL', NOW(), NOW());
INSERT INTO "PunchDevice" VALUES (14, 'W1L1A2', 'W1车间L1线体喷漆设备', 'FINGERPRINT', NULL, 6, 'NORMAL', NOW(), NOW());
INSERT INTO "PunchDevice" VALUES (15, 'C0001', 'W1车间设备', 'FINGERPRINT', NULL, NULL, 'NORMAL', NOW(), NOW());
INSERT INTO "PunchDevice" VALUES (16, 'C0002', 'W2车间设备', 'FINGERPRINT', NULL, NULL, 'NORMAL', NOW(), NOW());
INSERT INTO "EmployeeInfoTab" VALUES (1, 'basic_info', '基本信息', '员工的基本个人信息', true, 1, 'ACTIVE', NOW(), NOW());
INSERT INTO "EmployeeInfoTabGroup" VALUES (7, 1, 'A01', '产品信息', NULL, 4, 'ACTIVE', false, false, NOW(), NOW());
INSERT INTO "EmployeeInfoTabGroup" VALUES (2, 1, 'CONTACT_INFO', '联系方式', '电话、邮箱、地址等联系方式', 2, 'ACTIVE', false, true, NOW(), NOW());
INSERT INTO "EmployeeInfoTabGroup" VALUES (3, 1, 'PERSONAL_DETAILS', '个人详情', '出生日期、婚姻状况、政治面貌等', 3, 'ACTIVE', true, true, NOW(), NOW());
INSERT INTO "EmployeeInfoTabGroup" VALUES (1, 1, 'PERSONAL_INFO', '个人资料', '姓名、性别、身份证等基本资料', 1, 'ACTIVE', false, true, NOW(), NOW());
INSERT INTO "EmployeeInfoTabField" VALUES (35, 1, 7, 'A01', '产品', 'CUSTOM', false, true, 0, NOW(), NOW());
INSERT INTO "EmployeeInfoTabField" VALUES (36, 1, 7, 'A02', '工序', 'CUSTOM', false, false, 0, NOW(), NOW());
INSERT INTO "EmployeeInfoTabField" VALUES (13, 1, 3, 'age', '年龄', 'NUMBER', false, false, 2, NOW(), NOW());
INSERT INTO "EmployeeInfoTabField" VALUES (12, 1, 3, 'birthDate', '出生日期', 'DATE', false, false, 1, NOW(), NOW());
INSERT INTO "EmployeeInfoTabField" VALUES (8, 1, 2, 'currentAddress', '现居住地址', 'TEXT', false, false, 3, NOW(), NOW());
INSERT INTO "EmployeeInfoTabField" VALUES (7, 1, 2, 'email', '电子邮箱', 'TEXT', false, false, 2, NOW(), NOW());
INSERT INTO "EmployeeInfoTabField" VALUES (9, 1, 2, 'emergencyContact', '紧急联系人', 'TEXT', false, false, 4, NOW(), NOW());
INSERT INTO "EmployeeInfoTabField" VALUES (10, 1, 2, 'emergencyPhone', '紧急联系电话', 'TEXT', false, false, 5, NOW(), NOW());
INSERT INTO "EmployeeInfoTabField" VALUES (11, 1, 2, 'emergencyRelation', '紧急联系人关系', 'DATASOURCE', false, false, 6, NOW(), NOW());
INSERT INTO "EmployeeInfoTabField" VALUES (1, 1, 1, 'employeeNo', '员工编号', 'TEXT', true, false, 1, NOW(), NOW());
INSERT INTO "EmployeeInfoTabField" VALUES (3, 1, 1, 'gender', '性别', 'DATASOURCE', true, false, 3, NOW(), NOW());
INSERT INTO "EmployeeInfoTabField" VALUES (17, 1, 3, 'householdRegister', '户口所在地', 'TEXT', false, false, 6, NOW(), NOW());
INSERT INTO "EmployeeInfoTabField" VALUES (4, 1, 1, 'idCard', '身份证号', 'TEXT', false, false, 4, NOW(), NOW());
INSERT INTO "EmployeeInfoTabField" VALUES (14, 1, 3, 'maritalStatus', '婚姻状况', 'DATASOURCE', false, false, 3, NOW(), NOW());
INSERT INTO "EmployeeInfoTabField" VALUES (2, 1, 1, 'name', '姓名', 'TEXT', true, false, 2, NOW(), NOW());
INSERT INTO "EmployeeInfoTabField" VALUES (15, 1, 3, 'nativePlace', '籍贯', 'TEXT', false, false, 4, NOW(), NOW());
INSERT INTO "EmployeeInfoTabField" VALUES (6, 1, 2, 'phone', '手机号码', 'TEXT', false, false, 1, NOW(), NOW());
INSERT INTO "EmployeeInfoTabField" VALUES (5, 1, 1, 'photo', '照片', 'IMAGE', false, false, 5, NOW(), NOW());
INSERT INTO "EmployeeInfoTabField" VALUES (16, 1, 3, 'politicalStatus', '政治面貌', 'DATASOURCE', false, false, 5, NOW(), NOW());
INSERT INTO "EmployeeInfoTab" VALUES (2, 'work_info', '工作信息', '员工的工作相关信息，包括职位、职级、异动历史等', true, 2, 'ACTIVE', NOW(), NOW());
INSERT INTO "EmployeeInfoTabGroup" VALUES (8, 2, 'employment_info', '雇佣信息', '员工雇佣相关信息', 1, 'ACTIVE', false, false, NOW(), NOW());
INSERT INTO "EmployeeInfoTabGroup" VALUES (9, 2, 'probation_info', '试用与转正', '试用期与转正相关信息', 2, 'ACTIVE', false, false, NOW(), NOW());
INSERT INTO "EmployeeInfoTabField" VALUES (37, 2, 8, 'costCenter', '成本中心', 'DATASOURCE', false, false, 8, NOW(), NOW());
INSERT INTO "EmployeeInfoTabField" VALUES (20, 2, 8, 'employeeType', '员工类型', 'DATASOURCE', false, false, 0, NOW(), NOW());
INSERT INTO "EmployeeInfoTabField" VALUES (38, 2, 8, 'employmentRelation', '工作关系', 'DATASOURCE', false, false, 9, NOW(), NOW());
INSERT INTO "EmployeeInfoTabField" VALUES (23, 2, 8, 'entryDate', '入职日期', 'DATE', true, false, 3, NOW(), NOW());
INSERT INTO "EmployeeInfoTabField" VALUES (24, 2, 9, 'hireDate', '受雇日期', 'DATE', false, false, 4, NOW(), NOW());
INSERT INTO "EmployeeInfoTabField" VALUES (19, 2, 8, 'jobLevel', '职级', 'DATASOURCE', false, false, 7, NOW(), NOW());
INSERT INTO "EmployeeInfoTabField" VALUES (31, 2, 8, 'orgId', '所属组织', 'ORG_SELECT', true, false, 5, NOW(), NOW());
INSERT INTO "EmployeeInfoTabField" VALUES (18, 2, 8, 'position', '岗位', 'DATASOURCE', false, false, 6, NOW(), NOW());
INSERT INTO "EmployeeInfoTabField" VALUES (26, 2, 9, 'probationEnd', '试用期结束', 'DATE', false, false, 1, NOW(), NOW());
INSERT INTO "EmployeeInfoTabField" VALUES (27, 2, 9, 'probationMonths', '试用期月数', 'NUMBER', false, false, 2, NOW(), NOW());
INSERT INTO "EmployeeInfoTabField" VALUES (25, 2, 9, 'probationStart', '试用期开始', 'DATE', false, false, 0, NOW(), NOW());
INSERT INTO "EmployeeInfoTabField" VALUES (28, 2, 9, 'regularDate', '转正日期', 'DATE', false, false, 3, NOW(), NOW());
INSERT INTO "EmployeeInfoTabField" VALUES (30, 2, 8, 'status', '员工状态', 'SELECT', true, false, 4, NOW(), NOW());
INSERT INTO "EmployeeInfoTabField" VALUES (22, 2, 8, 'workAddress', '办公地址', 'TEXT', false, false, 2, NOW(), NOW());
INSERT INTO "EmployeeInfoTabField" VALUES (21, 2, 8, 'workLocation', '工作地点', 'TEXT', false, false, 1, NOW(), NOW());
INSERT INTO "EmployeeInfoTabField" VALUES (29, 2, 9, 'workYears', '工作年限', 'NUMBER', false, false, 5, NOW(), NOW());
INSERT INTO "EmployeeInfoTab" VALUES (3, 'education_info', '学历信息', '员工的教育背景和学历信息', true, 3, 'ACTIVE', NOW(), NOW());
INSERT INTO "EmployeeInfoTabField" VALUES (32, 3, NULL, 'educations', '学历列表', 'LIST', false, false, 1, NOW(), NOW());
INSERT INTO "EmployeeInfoTab" VALUES (4, 'work_experience', '工作经历', '员工过往的工作经历', true, 4, 'ACTIVE', NOW(), NOW());
INSERT INTO "EmployeeInfoTabField" VALUES (33, 4, NULL, 'workExperiences', '工作经历列表', 'LIST', false, false, 1, NOW(), NOW());
INSERT INTO "EmployeeInfoTab" VALUES (5, 'family_info', '家庭信息', '员工家庭成员信息', true, 5, 'ACTIVE', NOW(), NOW());
INSERT INTO "EmployeeInfoTabField" VALUES (34, 5, NULL, 'familyMembers', '家庭成员列表', 'LIST', false, false, 1, NOW(), NOW());
INSERT INTO "CustomField" VALUES (1, 'A01', '产品', 'SELECT_SINGLE', 4, NULL, false, NULL, '默认分组', 0, false, 'ACTIVE', NOW(), NOW());
INSERT INTO "CustomField" VALUES (2, 'A02', '工序', 'SELECT_SINGLE', 5, NULL, false, NULL, '默认分组', 0, false, 'ACTIVE', NOW(), NOW());
-- ========================================
-- 重置序列
-- ========================================

SELECT setval('"User_id_seq"', (SELECT MAX(id) FROM "User"), true);
SELECT setval('"Role_id_seq"', (SELECT MAX(id) FROM "Role"), true);
SELECT setval('"UserRole_id_seq"', (SELECT MAX(id) FROM "UserRole"), true);
SELECT setval('"Organization_id_seq"', (SELECT MAX(id) FROM "Organization"), true);
SELECT setval('"Employee_id_seq"', (SELECT MAX(id) FROM "Employee"), true);
SELECT setval('"DataSource_id_seq"', (SELECT MAX(id) FROM "DataSource"), true);
SELECT setval('"Shift_id_seq"', (SELECT MAX(id) FROM "Shift"), true);
SELECT setval('"ShiftProperty_id_seq"', (SELECT MAX(id) FROM "ShiftProperty"), true);
SELECT setval('"PunchDevice_id_seq"', (SELECT MAX(id) FROM "PunchDevice"), true);
SELECT setval('"EmployeeInfoTab_id_seq"', (SELECT MAX(id) FROM "EmployeeInfoTab"), true);
SELECT setval('"EmployeeInfoTabGroup_id_seq"', (SELECT MAX(id) FROM "EmployeeInfoTabGroup"), true);
SELECT setval('"EmployeeInfoTabField_id_seq"', (SELECT MAX(id) FROM "EmployeeInfoTabField"), true);
SELECT setval('"CustomField_id_seq"', (SELECT MAX(id) FROM "CustomField"), true);

